subscription_id,account_id,start_date,plan_tier,mrr_amount,auto_renew_flag
SUB87369,ACC1000,2025-07-05,Enterprise,192.80792339778628,True
SUB76143,ACC1000,2025-11-13,Enterprise,368.2756121144476,True
SUB28319,ACC1001,2025-12-09,Pro,393.9266891123564,True
SUB39106,ACC1002,2025-07-10,Basic,205.76730383578587,True
SUB31057,ACC1002,2026-02-16,Enterprise,120.18060172305121,True
SUB76805,ACC1002,2025-09-01,Basic,252.35364414430535,True
SUB46144,ACC1003,2026-04-11,Enterprise,330.48635790574826,True
SUB26970,ACC1004,2025-12-12,Basic,450.58976467063343,True
SUB58710,ACC1004,2025-05-07,Enterprise,397.97161897552246,True
SUB16567,ACC1005,2026-01-12,Pro,94.7502432783576,True
SUB73506,ACC1005,2026-03-11,Enterprise,116.66619411257915,True
SUB44312,ACC1006,2025-12-14,Pro,133.73290185384934,True
SUB49873,ACC1006,2025-10-31,Pro,267.6994832273856,True
SUB34389,ACC1007,2025-07-02,Basic,226.7826693272895,True
SUB95679,ACC1007,2025-07-21,Enterprise,83.90462229101286,True
SUB99342,ACC1008,2026-03-12,Basic,265.5782550852308,True
SUB78357,ACC1008,2025-06-13,Pro,324.7999175110563,True
SUB77244,ACC1009,2026-04-07,Basic,215.22934345371567,True
SUB65158,ACC1009,2026-03-29,Enterprise,240.8730801968591,True
SUB56613,ACC1010,2025-12-18,Basic,295.44765927115884,True
SUB65579,ACC1010,2025-10-09,Enterprise,356.3056005853682,True
SUB32380,ACC1010,2025-10-14,Pro,179.22604242969572,True
SUB79257,ACC1011,2025-05-09,Basic,214.6272100481178,True
SUB65853,ACC1012,2026-02-17,Basic,485.26075946060354,True
SUB47976,ACC1013,2026-01-21,Basic,320.30668503262774,True
SUB57041,ACC1013,2026-05-04,Pro,102.72478652361173,True
SUB80419,ACC1013,2026-02-04,Pro,226.63658406199346,True
SUB69781,ACC1014,2025-11-27,Pro,127.5045919499031,True
SUB37979,ACC1015,2025-10-10,Enterprise,221.91640089978912,True
SUB89952,ACC1015,2025-06-02,Pro,325.21496448899876,True
SUB37891,ACC1015,2025-11-17,Pro,106.11763297795292,True
SUB84375,ACC1016,2025-05-08,Pro,374.9612418921846,True
SUB21104,ACC1016,2025-08-10,Basic,247.6135649366314,True
SUB34123,ACC1017,2025-07-10,Pro,464.94018375406716,True
SUB97929,ACC1017,2026-04-18,Pro,285.2818161362018,True
SUB78573,ACC1018,2025-09-23,Enterprise,419.85588740257515,True
SUB48454,ACC1018,2026-03-05,Pro,230.14601809813456,True
SUB23810,ACC1018,2026-02-04,Basic,142.80328519269176,True
SUB96432,ACC1019,2025-08-30,Basic,317.05628181025884,True
SUB57950,ACC1020,2026-04-11,Enterprise,477.7970455238041,True
SUB94415,ACC1021,2026-04-16,Basic,298.3078646845843,True
SUB59448,ACC1022,2026-04-12,Basic,365.69259048267855,True
SUB21938,ACC1023,2025-11-10,Pro,338.19791578116275,True
SUB32905,ACC1023,2025-07-22,Enterprise,168.72589433684118,True
SUB23301,ACC1023,2025-09-12,Pro,191.62857808650543,True
SUB60209,ACC1024,2025-09-22,Pro,228.89587613016099,True
SUB16491,ACC1024,2025-08-28,Pro,397.0788112298491,True
SUB81430,ACC1024,2025-08-07,Enterprise,217.79390367910557,True
SUB89265,ACC1025,2026-03-28,Enterprise,182.76109397343112,True
SUB12302,ACC1026,2026-02-18,Pro,219.99431349214134,True
SUB83192,ACC1026,2025-05-15,Pro,462.7418845331665,True
SUB30087,ACC1027,2026-02-27,Pro,467.7279437637295,True
SUB78418,ACC1027,2025-06-16,Basic,259.52289779218836,True
SUB40838,ACC1028,2025-06-10,Basic,52.97326023384466,True
SUB66756,ACC1028,2026-05-05,Pro,195.61875540031025,True
SUB90967,ACC1029,2026-02-14,Enterprise,88.2145873022251,True
SUB11257,ACC1030,2025-08-02,Enterprise,266.36461254005724,True
SUB22959,ACC1031,2025-09-13,Pro,85.49579083161797,True
SUB25185,ACC1031,2025-09-21,Enterprise,444.99963693738465,True
SUB96580,ACC1032,2025-12-16,Basic,172.77140407950125,True
SUB65129,ACC1032,2025-11-19,Basic,284.9682706458991,True
SUB33255,ACC1032,2025-11-14,Enterprise,203.98806320615108,True
SUB86876,ACC1033,2025-11-24,Enterprise,269.0553459380453,True
SUB52364,ACC1033,2026-02-16,Enterprise,191.30244182511788,True
SUB96244,ACC1034,2026-03-31,Pro,411.3001052265067,True
SUB94244,ACC1034,2025-11-06,Pro,262.0002565125827,True
SUB77307,ACC1034,2025-10-22,Pro,274.2667609944966,True
SUB27265,ACC1035,2025-12-10,Basic,311.5528231155775,True
SUB65053,ACC1035,2025-07-19,Enterprise,241.55995179658925,True
SUB32326,ACC1035,2025-12-31,Basic,100.27817140886255,True
SUB23083,ACC1036,2025-09-27,Enterprise,351.2468400151589,True
SUB24435,ACC1037,2025-12-04,Pro,58.54963854563687,True
SUB38755,ACC1037,2025-12-23,Pro,319.42951594632314,True
SUB13752,ACC1038,2026-02-15,Basic,406.1351992904215,True
SUB16702,ACC1038,2026-01-28,Pro,258.0817697932615,True
SUB35062,ACC1039,2026-01-13,Basic,222.91262895885654,True
SUB35614,ACC1039,2025-11-27,Enterprise,300.82652024439346,True
SUB21816,ACC1039,2025-07-02,Pro,116.0296191424144,True
SUB45585,ACC1040,2025-10-13,Pro,246.29973379441864,True
SUB29064,ACC1040,2026-04-19,Basic,281.1631902343483,True
SUB24494,ACC1040,2025-10-25,Basic,230.28483156899193,True
SUB26238,ACC1041,2025-08-29,Enterprise,448.8314546099587,True
SUB14522,ACC1042,2025-09-29,Enterprise,105.14033302466291,True
SUB36827,ACC1042,2025-11-18,Enterprise,270.84199452611523,True
SUB93328,ACC1043,2026-01-15,Basic,63.260419136591125,True
SUB58444,ACC1044,2025-08-09,Pro,384.74108721570366,True
SUB93046,ACC1045,2025-07-03,Enterprise,337.3543694087986,True
SUB43854,ACC1045,2025-08-29,Basic,101.36437430898162,True
SUB67537,ACC1046,2025-05-06,Enterprise,242.1970332806028,True
SUB73899,ACC1046,2025-10-27,Pro,226.24210401240947,True
SUB40344,ACC1046,2025-08-22,Basic,129.82147227679366,True
SUB55884,ACC1047,2026-02-18,Basic,456.52844979407087,True
SUB50497,ACC1048,2025-05-05,Pro,412.8541729389003,True
SUB35450,ACC1048,2025-05-08,Pro,476.2594367196383,True
SUB80829,ACC1049,2026-01-29,Pro,385.7761006110923,True
SUB82853,ACC1049,2025-05-23,Enterprise,152.01658278360003,True
SUB40851,ACC1050,2025-06-03,Pro,152.63603264613704,True
SUB87942,ACC1050,2026-04-28,Pro,204.3565715052444,True
SUB74160,ACC1050,2026-01-05,Basic,220.09073538867614,True
SUB43466,ACC1051,2026-03-26,Basic,227.60062349634137,True
SUB15825,ACC1052,2025-11-24,Enterprise,293.35953850582274,True
SUB66288,ACC1053,2025-08-01,Enterprise,467.45398807632534,True
SUB88334,ACC1054,2025-11-12,Enterprise,54.3147000475648,True
SUB69450,ACC1054,2025-08-29,Pro,452.8401438542904,True
SUB65854,ACC1055,2026-04-08,Enterprise,116.72256261180885,True
SUB60377,ACC1055,2026-02-14,Pro,410.6661144648243,True
SUB85291,ACC1056,2026-05-04,Basic,315.7218507027524,True
SUB36590,ACC1056,2026-05-05,Basic,92.70815825282367,True
SUB24797,ACC1056,2025-10-05,Enterprise,476.6059232807774,True
SUB32678,ACC1057,2026-02-10,Basic,449.56668359608636,True
SUB38326,ACC1058,2025-05-21,Basic,297.1117567052513,True
SUB19998,ACC1059,2026-02-21,Enterprise,164.88868946222237,True
SUB44708,ACC1059,2025-11-28,Basic,347.8404784675733,True
SUB60958,ACC1059,2026-04-24,Enterprise,274.559506331221,True
SUB11966,ACC1060,2025-08-01,Enterprise,474.4669476610302,True
SUB61400,ACC1060,2026-01-08,Pro,120.12415880968827,True
SUB88320,ACC1060,2026-01-08,Pro,213.70523963511812,True
SUB39385,ACC1061,2025-09-20,Pro,394.8354518659658,True
SUB88622,ACC1061,2025-08-11,Pro,88.90219375738366,True
SUB72628,ACC1061,2026-02-16,Pro,498.9102491493805,True
SUB92113,ACC1062,2026-03-27,Enterprise,209.34470365100438,True
SUB15461,ACC1063,2025-07-31,Enterprise,337.3869545069805,True
SUB30642,ACC1063,2025-06-18,Enterprise,149.7619165252135,True
SUB52651,ACC1064,2026-02-08,Enterprise,485.9853122465719,True
SUB77043,ACC1065,2026-02-28,Pro,116.38899435612781,True
SUB16679,ACC1065,2026-04-13,Enterprise,177.14546450204057,True
SUB80778,ACC1066,2025-08-13,Enterprise,278.98673564671856,True
SUB12086,ACC1067,2025-05-18,Pro,236.01752761295634,True
SUB74910,ACC1067,2025-11-14,Basic,63.83063937086363,True
SUB50992,ACC1067,2025-07-29,Enterprise,326.8440489468503,True
SUB69293,ACC1068,2026-03-07,Pro,376.52694864664875,True
SUB24128,ACC1068,2025-11-20,Enterprise,442.9854467434342,True
SUB63486,ACC1069,2025-11-24,Basic,329.5339006371191,True
SUB30700,ACC1070,2025-06-27,Pro,397.7086342699152,True
SUB74259,ACC1070,2026-02-03,Basic,168.80962313792674,True
SUB94541,ACC1070,2025-09-19,Basic,247.83831714035608,True
SUB95103,ACC1071,2025-08-15,Basic,338.96309306182513,True
SUB66393,ACC1071,2025-08-31,Enterprise,456.3635241048171,True
SUB10091,ACC1072,2025-09-24,Pro,196.2699351119867,True
SUB17657,ACC1072,2025-08-28,Basic,461.40271583785903,True
SUB86951,ACC1072,2025-07-06,Enterprise,414.8051768340852,True
SUB39553,ACC1073,2025-05-14,Pro,237.43702693829047,True
SUB32792,ACC1073,2025-11-24,Pro,174.02182407507246,True
SUB38625,ACC1073,2025-09-17,Enterprise,326.077978986141,True
SUB58565,ACC1074,2025-09-27,Basic,405.7892582668485,True
SUB98398,ACC1075,2025-10-25,Basic,163.89254755326363,True
SUB96235,ACC1075,2025-11-14,Pro,313.5250539347377,True
SUB99081,ACC1075,2026-02-27,Basic,453.97905305680916,True
SUB13776,ACC1076,2025-12-15,Enterprise,82.2871306784491,True
SUB80414,ACC1076,2025-12-23,Basic,51.57111902879032,True
SUB39911,ACC1076,2025-07-30,Basic,411.9139571352237,True
SUB19320,ACC1077,2026-04-19,Basic,162.3870097326108,True
SUB12194,ACC1077,2026-02-16,Enterprise,159.2865354378693,True
SUB21763,ACC1077,2026-04-18,Enterprise,270.22802878730545,True
SUB63905,ACC1078,2025-07-04,Pro,167.09086598354577,True
SUB84995,ACC1078,2026-03-30,Pro,403.54911080185275,True
SUB48060,ACC1079,2025-07-22,Enterprise,411.95315253992226,True
SUB84350,ACC1080,2025-06-19,Basic,410.67177398440606,True
SUB75352,ACC1080,2026-05-02,Basic,270.2519467601636,True
SUB94892,ACC1080,2026-04-01,Pro,131.47692316076927,True
SUB36405,ACC1081,2025-05-27,Enterprise,201.4543822579592,True
SUB42828,ACC1082,2025-07-02,Basic,176.69945184069206,True
SUB84800,ACC1082,2025-06-22,Pro,428.86541998810253,True
SUB58455,ACC1083,2025-05-17,Basic,439.74543308474733,True
SUB77606,ACC1083,2025-09-30,Pro,124.83384805510413,True
SUB15311,ACC1084,2026-02-07,Pro,227.9034779150842,True
SUB70158,ACC1085,2025-06-25,Pro,76.78619869935943,True
SUB54212,ACC1086,2025-12-15,Pro,336.0301138746438,True
SUB62083,ACC1086,2026-02-15,Basic,160.76224578868613,True
SUB67057,ACC1087,2025-10-06,Pro,226.4694759390106,True
SUB25392,ACC1087,2025-11-23,Basic,498.7374681413297,True
SUB35967,ACC1088,2025-08-13,Enterprise,454.7483644406161,True
SUB13312,ACC1089,2026-04-13,Pro,383.1324652590451,True
SUB87047,ACC1089,2025-10-13,Enterprise,455.7671322124047,True
SUB15228,ACC1090,2026-04-25,Pro,171.36785521685837,True
SUB74704,ACC1090,2025-11-20,Enterprise,490.9581139533808,True
SUB96872,ACC1090,2025-07-15,Basic,268.11982994080324,True
SUB23074,ACC1091,2025-10-06,Basic,458.68557131389423,True
SUB35153,ACC1091,2025-11-11,Pro,402.49225102183027,True
SUB33631,ACC1091,2026-02-25,Basic,136.18737375477266,True
SUB16317,ACC1092,2026-04-22,Pro,375.8570409244872,True
SUB47997,ACC1092,2025-07-02,Basic,373.3242201238611,True
SUB82974,ACC1093,2025-10-31,Enterprise,370.8816866115775,True
SUB37859,ACC1093,2026-01-02,Pro,446.998012580573,True
SUB89672,ACC1094,2026-02-24,Pro,360.94227992368,True
SUB85936,ACC1094,2025-05-18,Basic,179.20803646904128,True
SUB92036,ACC1094,2025-12-01,Enterprise,484.4699849955629,True
SUB64599,ACC1095,2025-12-21,Basic,470.5446100638389,True
SUB39805,ACC1096,2026-01-12,Pro,439.31806012865684,True
SUB88023,ACC1096,2026-01-12,Basic,357.40973164199124,True
SUB44898,ACC1096,2025-09-20,Basic,82.1925834539016,True
SUB20129,ACC1097,2026-04-06,Pro,345.8286437253817,True
SUB51837,ACC1097,2025-12-13,Pro,344.5285135605938,True
SUB88870,ACC1098,2026-02-26,Basic,174.67472969772717,True
SUB42967,ACC1099,2025-12-16,Pro,225.12256269672974,True
SUB75285,ACC1099,2025-05-26,Basic,221.90969868285444,True
SUB71419,ACC1100,2026-05-02,Basic,279.20633617633837,True
SUB43630,ACC1100,2025-08-18,Basic,488.2580555961391,True
SUB76055,ACC1101,2025-08-23,Basic,342.7806593951142,True
SUB66844,ACC1101,2026-04-22,Enterprise,322.5815539147973,True
SUB34796,ACC1101,2025-07-08,Pro,473.97660664810604,True
SUB91998,ACC1102,2026-04-11,Enterprise,364.83804183344944,True
SUB65341,ACC1102,2025-07-12,Basic,343.7617865186712,True
SUB20905,ACC1103,2025-10-04,Basic,449.3250365560885,True
SUB75753,ACC1104,2025-06-17,Pro,166.84574232161017,True
SUB20284,ACC1104,2025-07-03,Enterprise,246.89157726443926,True
SUB73777,ACC1105,2025-05-10,Enterprise,498.99069554178135,True
SUB83706,ACC1105,2025-10-11,Basic,101.82928814783511,True
SUB52197,ACC1106,2025-11-07,Basic,237.403605250716,True
SUB44658,ACC1106,2025-10-18,Pro,177.63152663354023,True
SUB58539,ACC1107,2025-12-10,Enterprise,220.78482920377152,True
SUB77076,ACC1107,2025-10-20,Pro,91.47103252575624,True
SUB89460,ACC1107,2026-02-10,Enterprise,325.0757919063905,True
SUB38092,ACC1108,2026-05-02,Enterprise,230.37327611279164,True
SUB17640,ACC1109,2025-05-07,Basic,336.04500751353714,True
SUB18506,ACC1110,2025-06-05,Basic,77.29217850877565,True
SUB63963,ACC1110,2026-05-02,Pro,229.1437234018635,True
SUB50327,ACC1110,2026-03-14,Enterprise,259.76654869271545,True
SUB37572,ACC1111,2025-10-11,Enterprise,98.85067758465487,True
SUB18925,ACC1111,2026-04-26,Enterprise,55.28932776205892,True
SUB36854,ACC1111,2025-09-16,Pro,273.18698600811496,True
SUB15732,ACC1112,2026-02-11,Enterprise,373.0067221646719,True
SUB80445,ACC1113,2026-04-18,Enterprise,412.6968589653562,True
SUB65796,ACC1113,2026-03-09,Basic,444.27260032945384,True
SUB52700,ACC1113,2025-11-22,Basic,410.44304839668456,True
SUB43407,ACC1114,2026-03-06,Pro,397.88634068822506,True
SUB76118,ACC1114,2025-12-17,Basic,385.7362274061645,True
SUB97396,ACC1114,2025-08-04,Basic,462.51337853982693,True
SUB96632,ACC1115,2025-06-08,Pro,205.41779345018185,True
SUB34031,ACC1115,2025-09-08,Pro,169.56311604762632,True
SUB63766,ACC1116,2025-08-05,Pro,177.46734215710018,True
SUB17618,ACC1116,2025-11-05,Enterprise,486.09598008483334,True
SUB61163,ACC1116,2025-12-26,Basic,263.88135524728807,True
SUB98402,ACC1117,2026-01-05,Pro,465.78886293560254,True
SUB91589,ACC1117,2026-01-18,Basic,463.8930684557355,True
SUB44290,ACC1117,2025-08-10,Enterprise,493.2174094882219,True
SUB94097,ACC1118,2026-04-18,Basic,497.6772294859466,True
SUB73938,ACC1118,2025-09-07,Pro,220.6689170578962,True
SUB61352,ACC1119,2026-04-10,Basic,275.41920537906185,True
SUB48749,ACC1119,2025-10-30,Pro,477.27994095478914,True
SUB11972,ACC1119,2025-09-20,Basic,104.68179961719052,True
SUB37894,ACC1120,2026-02-24,Pro,350.41078683090706,True
SUB61522,ACC1120,2026-04-10,Pro,56.77712125313032,True
SUB96132,ACC1120,2025-05-06,Pro,63.98958536694753,True
SUB37315,ACC1121,2025-06-15,Enterprise,65.37271959382961,True
SUB34593,ACC1121,2026-04-16,Enterprise,279.58707910807175,True
SUB64526,ACC1121,2025-08-19,Pro,459.1429800019897,True
SUB15621,ACC1122,2025-08-02,Pro,73.22045360267596,True
SUB20918,ACC1123,2025-09-15,Basic,121.43923178390645,True
SUB13635,ACC1124,2025-09-17,Enterprise,213.91735472228,True
SUB88363,ACC1124,2026-03-11,Enterprise,267.9255084591674,True
SUB23476,ACC1125,2026-05-01,Pro,240.82134578714303,True
SUB42258,ACC1126,2025-06-18,Enterprise,391.2187865340322,True
SUB33557,ACC1127,2026-03-08,Pro,300.1731507996134,True
SUB51281,ACC1127,2026-04-11,Pro,368.5893546519823,True
SUB43654,ACC1128,2026-03-15,Pro,176.947313233689,True
SUB72422,ACC1128,2025-07-01,Pro,113.6918529314463,True
SUB62757,ACC1129,2026-01-08,Enterprise,105.69313558561913,True
SUB45667,ACC1129,2025-11-17,Basic,468.2007376858799,True
SUB83412,ACC1130,2026-03-06,Enterprise,302.22432032974666,True
SUB33803,ACC1130,2025-09-18,Enterprise,461.90240099775735,True
SUB82608,ACC1131,2025-10-21,Basic,63.77856116251464,True
SUB27676,ACC1131,2026-03-04,Enterprise,399.92826319375075,True
SUB50618,ACC1132,2025-06-20,Enterprise,381.6512224892827,True
SUB42708,ACC1132,2025-07-23,Enterprise,451.01215319608156,True
SUB74838,ACC1133,2025-08-14,Basic,59.14018266121368,True
SUB89895,ACC1133,2026-02-18,Pro,210.09640860979545,True
SUB51383,ACC1133,2026-04-03,Pro,449.7652796815039,True
SUB74951,ACC1134,2026-04-14,Basic,188.59313335458734,True
SUB42869,ACC1134,2026-03-01,Basic,395.2590956981094,True
SUB63026,ACC1134,2025-12-17,Enterprise,175.89940035441577,True
SUB89353,ACC1135,2025-10-20,Pro,65.81718192166583,True
SUB95379,ACC1135,2026-03-15,Basic,310.3652658391623,True
SUB70391,ACC1136,2025-12-19,Enterprise,499.45816495882747,True
SUB71584,ACC1136,2025-07-18,Pro,381.9314182628361,True
SUB32043,ACC1136,2025-11-17,Basic,236.59012909241497,True
SUB29431,ACC1137,2025-07-10,Basic,139.589041406643,True
SUB28034,ACC1138,2025-06-14,Basic,245.02329494870617,True
SUB56029,ACC1138,2025-07-31,Pro,88.72666405330655,True
SUB66580,ACC1139,2026-01-14,Pro,279.0256899477997,True
SUB63332,ACC1140,2025-05-15,Basic,124.59652050609436,True
SUB14927,ACC1140,2026-01-06,Basic,185.8981181394738,True
SUB72875,ACC1141,2025-09-11,Enterprise,359.18507404000223,True
SUB87850,ACC1141,2025-11-04,Pro,383.2077411532834,True
SUB44943,ACC1141,2026-03-30,Enterprise,352.73403961331746,True
SUB40146,ACC1142,2026-01-13,Basic,332.7765995211648,True
SUB49284,ACC1142,2026-03-31,Pro,418.2741518185826,True
SUB58245,ACC1142,2025-05-28,Enterprise,188.25325278748144,True
SUB38730,ACC1143,2025-10-28,Enterprise,420.0135976289606,True
SUB64206,ACC1144,2025-05-25,Basic,149.0432607116528,True
SUB39339,ACC1144,2026-03-15,Pro,409.9372797904533,True
SUB54489,ACC1145,2025-12-14,Enterprise,271.9452511035943,True
SUB49172,ACC1145,2025-10-21,Enterprise,180.42778948685958,True
SUB86038,ACC1145,2025-11-05,Basic,232.64748781723972,True
SUB54935,ACC1146,2025-11-30,Enterprise,135.80497113801118,True
SUB20983,ACC1147,2026-02-13,Pro,206.38792111035428,True
SUB19885,ACC1147,2025-07-20,Pro,308.06955909023105,True
SUB46969,ACC1147,2025-11-29,Basic,386.19728362495476,True
SUB10687,ACC1148,2025-06-19,Pro,216.1542128653902,True
SUB46903,ACC1148,2025-12-10,Basic,219.5349981892583,True
SUB23519,ACC1148,2025-05-05,Enterprise,364.4963151260157,True
SUB40068,ACC1149,2025-12-27,Basic,182.8466054086004,True
SUB94844,ACC1149,2025-05-08,Basic,213.4999622516445,True
SUB83879,ACC1150,2026-01-26,Enterprise,363.47046454795253,True
SUB48966,ACC1150,2025-06-02,Pro,188.5801015178504,True
SUB61036,ACC1150,2026-01-20,Pro,162.0236771959901,True
SUB25905,ACC1151,2026-01-27,Enterprise,252.05350163640117,True
SUB13974,ACC1152,2025-10-12,Enterprise,256.072602393968,True
SUB43473,ACC1152,2025-09-16,Enterprise,420.29054534781716,True
SUB72446,ACC1152,2026-02-06,Basic,128.78124307317796,True
SUB41883,ACC1153,2025-09-11,Basic,64.71822157837929,True
SUB80824,ACC1154,2026-02-20,Enterprise,348.35073643466524,True
SUB48952,ACC1154,2026-02-03,Basic,476.6791415332627,True
SUB35810,ACC1155,2025-10-01,Pro,472.0384645211224,True
SUB42594,ACC1155,2025-05-27,Pro,70.02460343613845,True
SUB54503,ACC1156,2026-02-24,Basic,340.00713747863705,True
SUB95848,ACC1156,2026-03-09,Enterprise,143.02755902051115,True
SUB76683,ACC1156,2026-04-22,Enterprise,198.25442440276376,True
SUB89435,ACC1157,2025-06-20,Pro,379.5764361000736,True
SUB19683,ACC1158,2025-07-05,Enterprise,83.87549253067864,True
SUB49197,ACC1159,2026-01-04,Enterprise,121.24122227863724,True
SUB86371,ACC1159,2025-12-11,Pro,393.907404402593,True
SUB42673,ACC1160,2025-11-10,Pro,69.54554793460778,True
SUB88775,ACC1161,2025-10-16,Basic,175.62285524912176,True
SUB78622,ACC1161,2025-12-15,Basic,181.39596423060664,True
SUB87944,ACC1162,2026-01-03,Basic,459.2096515074531,True
SUB42523,ACC1162,2025-09-19,Basic,360.7323501882984,True
SUB92535,ACC1162,2026-03-13,Pro,399.13427751905147,True
SUB51357,ACC1163,2026-01-11,Pro,265.8386664024949,True
SUB31177,ACC1163,2025-11-14,Basic,197.85746526368544,True
SUB32508,ACC1164,2026-01-12,Basic,226.51628598021404,True
SUB12463,ACC1165,2026-02-28,Basic,76.25776594516864,True
SUB20887,ACC1165,2025-10-05,Enterprise,76.31517617962103,True
SUB61016,ACC1166,2026-02-08,Pro,93.04191897574685,True
SUB71622,ACC1167,2026-01-31,Basic,159.68265153694927,True
SUB29901,ACC1167,2025-12-22,Enterprise,107.74328842606178,True
SUB95633,ACC1168,2025-08-25,Basic,202.52475040444,True
SUB80537,ACC1168,2025-12-17,Basic,173.6511272895945,True
SUB98012,ACC1169,2025-09-24,Basic,117.84560318742822,True
SUB43068,ACC1169,2026-02-06,Pro,419.75593295126714,True
SUB11496,ACC1170,2025-10-17,Basic,291.83584270545146,True
SUB26994,ACC1170,2025-11-24,Basic,459.201878397613,True
SUB13901,ACC1170,2025-12-16,Enterprise,216.99193685987746,True
SUB94590,ACC1171,2025-11-29,Pro,215.68277367566287,True
SUB26351,ACC1172,2025-06-26,Enterprise,92.38621055345857,True
SUB62070,ACC1172,2026-03-21,Enterprise,295.6364125832924,True
SUB11101,ACC1173,2025-12-16,Pro,354.1977838410353,True
SUB64680,ACC1173,2025-12-07,Enterprise,306.4538441195022,True
SUB28372,ACC1173,2025-08-15,Enterprise,352.18167322983976,True
SUB97616,ACC1174,2026-03-06,Enterprise,453.3112890610854,True
SUB38948,ACC1174,2026-04-17,Basic,337.63183249218025,True
SUB62494,ACC1175,2026-01-16,Enterprise,369.1627109771914,True
SUB41546,ACC1175,2025-11-30,Basic,61.67376232818566,True
SUB88011,ACC1175,2025-10-25,Pro,150.70602723437318,True
SUB76540,ACC1176,2026-01-20,Pro,183.80784973882476,True
SUB46789,ACC1176,2025-07-27,Pro,237.22957065086928,True
SUB54248,ACC1176,2026-01-30,Pro,204.8034919764894,True
SUB82590,ACC1177,2026-01-18,Pro,93.70614597921787,True
SUB19810,ACC1177,2025-10-15,Enterprise,309.7633586854199,True
SUB37686,ACC1178,2026-03-22,Basic,288.45102886716506,True
SUB82822,ACC1179,2025-12-24,Basic,438.7371640806672,True
SUB70815,ACC1179,2025-08-20,Pro,308.9731774685663,True
SUB88585,ACC1180,2025-05-12,Basic,143.97773244409203,True
SUB37409,ACC1181,2026-04-18,Basic,247.06868779285463,True
SUB77828,ACC1182,2025-12-01,Basic,274.90831805969174,True
SUB16437,ACC1183,2025-05-22,Basic,411.33298741857516,True
SUB15816,ACC1183,2025-09-30,Basic,274.0710862343906,True
SUB20923,ACC1183,2025-07-05,Basic,290.008654344324,True
SUB30253,ACC1184,2026-05-03,Basic,230.79993747254605,True
SUB85331,ACC1184,2026-03-04,Enterprise,181.69841849922713,True
SUB82927,ACC1184,2025-05-28,Pro,198.4008662714576,True
SUB59760,ACC1185,2025-10-18,Basic,96.2181552147648,True
SUB48439,ACC1186,2025-09-13,Enterprise,409.68613141613883,True
SUB45547,ACC1187,2025-09-20,Enterprise,157.66351106840818,True
SUB78648,ACC1188,2026-01-10,Basic,246.18693797355695,True
SUB32779,ACC1188,2025-07-01,Pro,290.65642872347394,True
SUB86725,ACC1189,2025-12-22,Enterprise,449.3409371898799,True
SUB47756,ACC1189,2025-07-08,Enterprise,465.9245459276579,True
SUB16272,ACC1190,2025-07-16,Pro,241.9385539031294,True
SUB40649,ACC1191,2025-08-13,Basic,326.310303024452,True
SUB26271,ACC1191,2026-04-03,Enterprise,383.9443766359724,True
SUB67229,ACC1191,2025-12-12,Pro,337.6518380705603,True
SUB71877,ACC1192,2026-04-29,Basic,219.9108027897634,True
SUB63144,ACC1192,2025-12-03,Enterprise,363.55852104831996,True
SUB99707,ACC1193,2025-09-12,Enterprise,173.27318151449123,True
SUB41606,ACC1193,2025-07-04,Enterprise,375.4147076455109,True
SUB92737,ACC1194,2025-12-09,Enterprise,276.5024950683279,True
SUB54668,ACC1195,2026-02-11,Pro,102.54844634777822,True
SUB29503,ACC1195,2025-07-12,Basic,174.5481904405998,True
SUB91587,ACC1196,2025-08-09,Basic,133.45816181334885,True
SUB78061,ACC1196,2026-01-06,Pro,220.71150513917465,True
SUB45816,ACC1197,2025-12-26,Pro,103.09049440075867,True
SUB42341,ACC1198,2026-02-07,Enterprise,229.7526251795517,True
SUB29406,ACC1198,2026-04-17,Basic,401.97583148463775,True
SUB92995,ACC1198,2025-06-23,Pro,174.97975703086928,True
SUB24357,ACC1199,2025-06-02,Enterprise,386.3987421258225,True
SUB82194,ACC1199,2025-09-30,Pro,99.72269573818852,True
SUB92968,ACC1200,2025-12-13,Pro,291.38658924433594,True
SUB68901,ACC1200,2025-07-07,Pro,315.3579851613291,True
SUB73407,ACC1201,2025-07-12,Enterprise,61.165088599932695,True
SUB74114,ACC1202,2025-06-29,Basic,193.9417313474611,True
SUB27672,ACC1202,2025-10-26,Enterprise,490.4039827415783,True
SUB15789,ACC1203,2026-04-24,Enterprise,164.37431581260296,True
SUB71076,ACC1204,2025-10-14,Enterprise,112.26998408919695,True
SUB21997,ACC1205,2026-04-08,Pro,375.80030869335684,True
SUB25113,ACC1205,2025-07-01,Pro,483.8355955106536,True
SUB35026,ACC1206,2026-04-08,Pro,69.86454695993368,True
SUB10440,ACC1206,2026-04-17,Pro,373.63766349651746,True
SUB99989,ACC1206,2026-01-16,Basic,445.7968240967496,True
SUB58296,ACC1207,2025-06-06,Enterprise,272.59921456819984,True
SUB82628,ACC1207,2025-10-18,Basic,122.5444341688546,True
SUB76910,ACC1207,2026-04-29,Pro,268.86532811055724,True
SUB74126,ACC1208,2025-07-02,Basic,143.4537894338108,True
SUB99350,ACC1209,2025-11-14,Pro,474.932311376131,True
SUB89379,ACC1209,2025-09-13,Pro,200.10628179979335,True
SUB47431,ACC1210,2025-12-31,Pro,359.75924220728507,True
SUB63184,ACC1211,2025-06-23,Basic,254.28476959467656,True
SUB84549,ACC1211,2025-08-04,Enterprise,376.1346679044514,True
SUB64470,ACC1212,2025-10-07,Enterprise,376.2345844296223,True
SUB15539,ACC1213,2026-05-01,Pro,135.4598415677978,True
SUB96998,ACC1213,2026-03-20,Pro,225.518169478577,True
SUB87649,ACC1213,2026-02-22,Pro,380.6652608134793,True
SUB18520,ACC1214,2026-04-15,Pro,179.506893597033,True
SUB19985,ACC1214,2026-03-21,Pro,291.460029192143,True
SUB29432,ACC1214,2025-10-14,Enterprise,115.71926941278076,True
SUB27148,ACC1215,2025-06-06,Basic,62.51635016847198,True
SUB78793,ACC1216,2026-04-04,Basic,446.10905908181246,True
SUB23624,ACC1217,2026-04-18,Basic,389.44163260231824,True
SUB71598,ACC1217,2026-02-17,Pro,242.96655303681302,True
SUB93371,ACC1217,2025-06-30,Pro,168.25580471704808,True
SUB32936,ACC1218,2025-06-15,Enterprise,269.0298803196002,True
SUB18577,ACC1219,2025-12-27,Basic,445.14870265240813,True
SUB72431,ACC1220,2026-01-31,Enterprise,192.1957410845706,True
SUB15340,ACC1221,2025-05-14,Enterprise,414.096747309338,True
SUB84198,ACC1222,2025-12-26,Enterprise,162.39890448213347,True
SUB53425,ACC1222,2025-05-23,Basic,310.8505446063764,True
SUB16637,ACC1222,2026-03-13,Enterprise,450.560318488714,True
SUB71296,ACC1223,2025-09-24,Enterprise,286.750255243973,True
SUB71026,ACC1223,2025-05-15,Pro,244.25922084779884,True
SUB19466,ACC1223,2026-01-24,Enterprise,235.70091382440523,True
SUB62214,ACC1224,2026-02-20,Basic,393.6569508467144,True
SUB50722,ACC1225,2026-04-12,Enterprise,323.5762984261114,True
SUB51986,ACC1225,2025-06-25,Enterprise,102.67022482688398,True
SUB24242,ACC1226,2025-12-15,Pro,497.8438934760795,True
SUB91489,ACC1226,2025-06-05,Basic,428.00437239639825,True
SUB60496,ACC1227,2025-08-15,Pro,334.7442194002626,True
SUB96665,ACC1228,2025-12-28,Enterprise,295.3868891423939,True
SUB77649,ACC1228,2025-06-01,Pro,251.6001729989314,True
SUB48399,ACC1228,2025-10-19,Enterprise,169.92445666650494,True
SUB10486,ACC1229,2025-05-05,Pro,397.4525883541033,True
SUB82503,ACC1229,2026-01-25,Enterprise,160.1957252361355,True
SUB56359,ACC1229,2025-09-12,Pro,237.68786797871337,True
SUB63117,ACC1230,2025-05-14,Basic,372.1370539152961,True
SUB51139,ACC1230,2025-10-20,Pro,400.2565894842721,True
SUB12865,ACC1231,2026-03-23,Basic,186.68734744266362,True
SUB41695,ACC1231,2025-05-21,Enterprise,361.55766444569593,True
SUB27051,ACC1232,2025-08-16,Pro,428.12921089412265,True
SUB86761,ACC1233,2025-12-05,Basic,336.568438119324,True
SUB71823,ACC1233,2026-03-17,Enterprise,84.12228821706289,True
SUB95868,ACC1233,2025-06-07,Enterprise,98.19528113083496,True
SUB81889,ACC1234,2025-10-23,Basic,251.5331454197662,True
SUB82442,ACC1235,2025-06-24,Pro,58.857474198617595,True
SUB63337,ACC1235,2025-06-18,Enterprise,209.40219733081915,True
SUB79827,ACC1236,2026-02-09,Enterprise,486.16606131944354,True
SUB12624,ACC1236,2025-11-20,Basic,62.72716302265487,True
SUB79974,ACC1236,2025-06-07,Enterprise,347.7911382027398,True
SUB70121,ACC1237,2025-12-20,Pro,453.34758007412574,True
SUB26067,ACC1237,2026-03-08,Pro,73.51461019260256,True
SUB92944,ACC1237,2026-05-01,Basic,230.24380312150305,True
SUB29716,ACC1238,2026-03-04,Pro,481.6471608925999,True
SUB18352,ACC1239,2025-12-06,Pro,119.66292402605086,True
SUB22944,ACC1239,2026-02-13,Basic,453.3444098299645,True
SUB72464,ACC1240,2025-11-24,Basic,333.7796172997236,True
SUB53408,ACC1240,2026-03-07,Basic,401.2393273309886,True
SUB86801,ACC1241,2025-09-13,Pro,174.14213544685362,True
SUB59574,ACC1242,2025-05-09,Pro,137.5509643834657,True
SUB26105,ACC1242,2025-10-02,Enterprise,363.9202254863163,True
SUB35507,ACC1243,2026-04-19,Basic,441.2332089078233,True
SUB47989,ACC1244,2026-01-02,Basic,156.9253293436525,True
SUB12787,ACC1245,2025-09-26,Basic,98.25915930947357,True
SUB21117,ACC1246,2025-07-06,Pro,224.66825085102386,True
SUB23600,ACC1247,2025-12-06,Basic,96.30385578506655,True
SUB88643,ACC1247,2026-04-04,Enterprise,224.9477637678843,True
SUB22387,ACC1247,2025-06-24,Pro,329.60809375615463,True
SUB77395,ACC1248,2026-02-05,Pro,192.6099502691784,True
SUB58398,ACC1248,2025-06-10,Pro,184.2105435585757,True
SUB70297,ACC1249,2025-09-01,Enterprise,268.23704683748974,True
SUB52116,ACC1250,2025-06-15,Basic,181.3094464151594,True
SUB32779,ACC1250,2026-04-20,Enterprise,299.0939408982674,True
SUB11269,ACC1250,2025-10-10,Pro,487.3102428448521,True
SUB86494,ACC1251,2025-05-10,Pro,391.4961850388658,True
SUB51845,ACC1251,2026-02-07,Enterprise,396.6784364895931,True
SUB47816,ACC1251,2026-03-16,Pro,255.72360768477012,True
SUB10949,ACC1252,2026-01-24,Pro,68.02788744201247,True
SUB48338,ACC1253,2025-09-22,Pro,315.80580205497597,True
SUB86115,ACC1254,2025-08-26,Basic,247.98122692813723,True
SUB12370,ACC1254,2025-06-27,Enterprise,451.9619523222567,True
SUB78736,ACC1254,2025-06-17,Pro,285.56069465148653,True
SUB87349,ACC1255,2025-10-24,Basic,68.22074764909185,True
SUB68083,ACC1255,2025-05-21,Pro,437.28889746362154,True
SUB86578,ACC1255,2026-03-26,Pro,297.9911153319237,True
SUB83165,ACC1256,2025-08-21,Basic,121.37973910894864,True
SUB29744,ACC1257,2026-03-20,Pro,221.86717398378175,True
SUB97762,ACC1257,2025-11-18,Pro,351.0356634741056,True
SUB66102,ACC1257,2025-07-06,Enterprise,234.5207506990814,True
SUB25585,ACC1258,2026-02-02,Pro,238.89963020383928,True
SUB80732,ACC1258,2026-04-24,Basic,202.2097882248324,True
SUB88036,ACC1259,2025-05-22,Pro,208.22736004326205,True
SUB18605,ACC1259,2026-03-17,Pro,70.42295874189172,True
SUB78989,ACC1259,2025-05-14,Pro,337.7106331660809,True
SUB88807,ACC1260,2025-05-27,Pro,229.67661334195142,True
SUB18550,ACC1260,2025-10-08,Enterprise,195.59946533961565,True
SUB58756,ACC1261,2025-08-01,Basic,278.11900801921524,True
SUB34615,ACC1262,2026-01-12,Enterprise,264.3087544817436,True
SUB98516,ACC1262,2025-09-20,Basic,74.37290814286814,True
SUB50584,ACC1263,2025-11-24,Pro,132.96858583130594,True
SUB41808,ACC1264,2025-11-27,Enterprise,347.42578264154895,True
SUB11664,ACC1264,2025-08-15,Enterprise,218.53748476290357,True
SUB80692,ACC1265,2026-02-03,Pro,230.51035289058734,True
SUB63047,ACC1266,2025-11-30,Enterprise,156.35447428652031,True
SUB51990,ACC1267,2025-08-05,Pro,495.5392472783024,True
SUB44547,ACC1268,2025-10-21,Pro,93.71424722769606,True
SUB12213,ACC1268,2025-06-04,Basic,145.93925727569888,True
SUB15891,ACC1269,2026-01-25,Basic,95.91648321873276,True
SUB78577,ACC1270,2025-10-28,Pro,402.5287599759039,True
SUB25970,ACC1270,2025-08-27,Enterprise,340.54254911937403,True
SUB38180,ACC1270,2026-03-11,Basic,277.32262022022036,True
SUB53311,ACC1271,2025-06-19,Enterprise,132.02452359652244,True
SUB64166,ACC1271,2025-12-29,Enterprise,183.0379580067051,True
SUB48774,ACC1271,2025-12-21,Enterprise,274.878714219029,True
SUB28625,ACC1272,2025-07-23,Enterprise,204.80374059639942,True
SUB69684,ACC1272,2025-09-22,Basic,451.9034876032743,True
SUB11458,ACC1273,2026-02-19,Basic,169.63940744660192,True
SUB83424,ACC1273,2025-11-23,Enterprise,99.85364831141692,True
SUB11602,ACC1273,2025-12-04,Basic,245.9389145705542,True
SUB10839,ACC1274,2025-06-25,Pro,241.3236310146429,True
SUB31618,ACC1274,2025-05-19,Enterprise,358.75143784230363,True
SUB88940,ACC1275,2025-08-11,Basic,400.2976131048006,True
SUB59138,ACC1275,2025-07-12,Pro,145.10694207535477,True
SUB39206,ACC1276,2025-09-04,Basic,316.48920348679565,True
SUB16330,ACC1277,2025-08-20,Basic,296.3260404286855,True
SUB80861,ACC1277,2026-01-18,Basic,392.2308465745998,True
SUB10341,ACC1277,2025-06-05,Enterprise,277.5020453747984,True
SUB57371,ACC1278,2025-07-18,Enterprise,153.4368077511915,True
SUB84682,ACC1279,2025-10-27,Basic,276.79521963555356,True
SUB52735,ACC1279,2026-02-05,Enterprise,219.6574766640738,True
SUB94026,ACC1279,2026-01-03,Enterprise,273.1160684777582,True
SUB45516,ACC1280,2025-08-06,Pro,74.1768396791276,True
SUB95038,ACC1280,2025-10-09,Basic,224.51956147498223,True
SUB70167,ACC1281,2026-04-15,Pro,179.727677447514,True
SUB28760,ACC1282,2025-10-23,Basic,53.04316728590478,True
SUB78335,ACC1282,2025-12-27,Basic,339.63837640072177,True
SUB86762,ACC1283,2025-09-05,Pro,390.7946498544907,True
SUB82836,ACC1284,2025-10-24,Enterprise,89.33298167136357,True
SUB84527,ACC1285,2025-11-01,Pro,483.99053526391555,True
SUB30689,ACC1285,2025-12-03,Basic,457.4547162335624,True
SUB62526,ACC1286,2025-09-19,Pro,177.18575779937362,True
SUB65246,ACC1287,2026-02-14,Enterprise,427.6907442695465,True
SUB69794,ACC1287,2025-12-18,Basic,463.9732493723156,True
SUB16387,ACC1288,2026-05-02,Enterprise,419.68459404866815,True
SUB22581,ACC1289,2026-01-06,Basic,302.2515962383143,True
SUB45877,ACC1289,2025-12-13,Enterprise,167.20670218250257,True
SUB60902,ACC1290,2026-02-25,Enterprise,158.4151634183682,True
SUB94921,ACC1290,2025-08-22,Pro,371.8874576967655,True
SUB14910,ACC1291,2025-08-02,Enterprise,103.37036430771487,True
SUB41321,ACC1292,2025-09-16,Basic,498.891750095808,True
SUB44719,ACC1293,2026-03-18,Pro,262.92980042560805,True
SUB96454,ACC1293,2026-01-28,Basic,386.2657191649269,True
SUB36428,ACC1293,2025-12-06,Pro,107.08456260455276,True
SUB26660,ACC1294,2025-07-03,Basic,221.11568085728192,True
SUB91901,ACC1294,2025-06-01,Pro,187.46033974665147,True
SUB14361,ACC1295,2026-01-31,Pro,482.1045183402342,True
SUB11590,ACC1295,2025-12-09,Basic,340.9233698404375,True
SUB70857,ACC1295,2026-04-06,Pro,492.06083462303263,True
SUB69932,ACC1296,2025-08-09,Pro,284.5805891065963,True
SUB43528,ACC1296,2025-11-23,Pro,421.0362243852299,True
SUB42069,ACC1296,2026-04-24,Basic,431.09780618568715,True
SUB47577,ACC1297,2025-06-15,Basic,87.35678660955023,True
SUB75163,ACC1297,2025-07-06,Basic,261.35271235943253,True
SUB91903,ACC1298,2026-02-28,Enterprise,85.90393713391262,True
SUB48674,ACC1299,2026-03-09,Basic,180.13983401955386,True
SUB42938,ACC1299,2025-11-29,Basic,460.90982920470697,True
SUB75116,ACC1299,2025-06-25,Enterprise,195.70029455553768,True
SUB74540,ACC1300,2025-05-28,Enterprise,136.2816826040917,True
SUB37599,ACC1301,2026-04-10,Basic,322.1614634036599,True
SUB34879,ACC1301,2025-12-31,Enterprise,94.07256044974727,True
SUB93907,ACC1301,2025-11-02,Pro,309.2964786820534,True
SUB46370,ACC1302,2025-11-12,Basic,156.3787590396305,True
SUB77783,ACC1302,2026-02-25,Basic,216.61121064790154,True
SUB11918,ACC1302,2025-10-23,Pro,166.33354844573375,True
SUB55060,ACC1303,2025-11-02,Pro,237.26578163279888,True
SUB91558,ACC1303,2025-10-14,Pro,364.0075319348717,True
SUB31572,ACC1303,2026-03-15,Enterprise,454.53607582653734,True
SUB54014,ACC1304,2025-11-07,Enterprise,184.79962616627702,True
SUB99503,ACC1305,2025-06-19,Pro,413.90709703732404,True
SUB97153,ACC1305,2025-06-12,Enterprise,370.98616824734967,True
SUB44834,ACC1306,2025-06-18,Pro,157.09986929331086,True
SUB16795,ACC1306,2025-07-30,Pro,228.4597403010517,True
SUB88121,ACC1306,2026-03-05,Pro,497.5704352889649,True
SUB91705,ACC1307,2026-01-27,Basic,341.9138957607732,True
SUB38367,ACC1307,2026-02-20,Pro,220.95298680916423,True
SUB91910,ACC1308,2025-11-30,Pro,375.16357880242225,True
SUB16283,ACC1308,2025-07-14,Enterprise,498.24238047439104,True
SUB99695,ACC1309,2025-10-07,Basic,326.40028441918486,True
SUB15356,ACC1310,2025-06-26,Enterprise,174.62386589876573,True
SUB10938,ACC1310,2025-06-26,Basic,253.0014525920739,True
SUB29991,ACC1310,2026-04-28,Enterprise,324.9973691779209,True
SUB98364,ACC1311,2025-09-25,Pro,68.23058034798709,True
SUB19976,ACC1312,2025-06-04,Pro,111.49844765849514,True
SUB77614,ACC1312,2026-01-11,Enterprise,303.29368728299806,True
SUB38233,ACC1313,2026-05-03,Enterprise,181.28299483872615,True
SUB18195,ACC1313,2026-01-03,Enterprise,454.684274458363,True
SUB18567,ACC1313,2025-05-31,Basic,170.61069077196754,True
SUB13118,ACC1314,2026-02-12,Enterprise,137.83749716043815,True
SUB47507,ACC1314,2025-10-01,Enterprise,127.1936511682872,True
SUB63112,ACC1314,2025-08-16,Pro,356.82248294887455,True
SUB57427,ACC1315,2026-01-12,Pro,281.57539740228884,True
SUB77557,ACC1316,2026-02-14,Basic,90.17526400777294,True
SUB38441,ACC1317,2026-02-25,Enterprise,259.46406240581877,True
SUB17456,ACC1317,2026-04-15,Enterprise,93.58122712526928,True
SUB35395,ACC1318,2026-03-26,Enterprise,417.8471447304713,True
SUB11863,ACC1318,2025-12-25,Enterprise,358.7457636861796,True
SUB98377,ACC1319,2025-12-10,Pro,74.84512112930703,True
SUB31648,ACC1320,2025-12-30,Enterprise,477.04542739066653,True
SUB84480,ACC1320,2025-10-11,Pro,341.50120073684474,True
SUB29543,ACC1321,2025-12-21,Enterprise,295.9315728885738,True
SUB84822,ACC1321,2025-10-05,Basic,266.7731149931988,True
SUB73713,ACC1322,2026-04-01,Basic,373.49259650398835,True
SUB70954,ACC1322,2026-03-06,Pro,335.2497240816535,True
SUB45012,ACC1322,2026-01-31,Pro,392.56085833830997,True
SUB73511,ACC1323,2025-09-21,Enterprise,89.86216834121107,True
SUB71147,ACC1323,2025-05-25,Enterprise,378.45891703315493,True
SUB23805,ACC1323,2026-05-03,Pro,394.43023036568263,True
SUB33547,ACC1324,2025-05-24,Basic,336.8329894283824,True
SUB36510,ACC1325,2026-03-17,Basic,179.6077356911079,True
SUB18693,ACC1325,2025-06-26,Basic,150.01889020761868,True
SUB84514,ACC1325,2026-02-08,Basic,203.45742410001878,True
SUB35618,ACC1326,2025-12-02,Enterprise,268.27577358213966,True
SUB42847,ACC1326,2025-11-30,Basic,318.64967221262117,True
SUB37329,ACC1327,2025-12-03,Basic,151.04820874339728,True
SUB85189,ACC1327,2026-01-14,Pro,118.67986679911873,True
SUB32713,ACC1327,2025-11-17,Basic,466.7782589943984,True
SUB16532,ACC1328,2026-03-08,Enterprise,93.53148283550684,True
SUB66154,ACC1328,2025-08-25,Basic,471.46563138578574,True
SUB43745,ACC1328,2025-07-09,Enterprise,225.37237966827703,True
SUB93511,ACC1329,2025-06-06,Basic,346.3713144165691,True
SUB55540,ACC1330,2026-04-11,Basic,160.36791679876782,True
SUB35980,ACC1331,2026-03-09,Basic,385.6985653755532,True
SUB51716,ACC1331,2025-09-10,Enterprise,73.23928571839271,True
SUB50081,ACC1332,2025-09-24,Enterprise,449.45123379217875,True
SUB89054,ACC1332,2025-06-30,Basic,180.2093652165923,True
SUB12126,ACC1333,2025-09-04,Pro,353.4268642528716,True
SUB77331,ACC1333,2026-02-03,Basic,189.62512440958622,True
SUB33442,ACC1334,2026-03-13,Enterprise,355.5673661087027,True
SUB83574,ACC1334,2025-08-27,Basic,244.34476996406337,True
SUB16046,ACC1334,2025-11-07,Pro,366.97364076634625,True
SUB69125,ACC1335,2025-05-22,Enterprise,360.23246986447685,True
SUB37303,ACC1335,2026-01-28,Basic,370.50071824600394,True
SUB26632,ACC1336,2026-02-19,Pro,296.6127813019338,True
SUB43183,ACC1337,2025-11-03,Pro,124.6952840851918,True
SUB19574,ACC1338,2025-12-04,Basic,312.2091386530945,True
SUB64433,ACC1339,2025-07-06,Pro,415.2645289180938,True
SUB40356,ACC1340,2025-09-28,Enterprise,203.85665842438107,True
SUB82513,ACC1340,2025-10-08,Basic,261.996611007074,True
SUB63405,ACC1340,2025-06-06,Pro,112.0241949932653,True
SUB97075,ACC1341,2025-05-25,Basic,253.45067156538852,True
SUB83826,ACC1341,2025-07-14,Enterprise,138.48743464163846,True
SUB85694,ACC1341,2025-06-16,Pro,104.9347932626884,True
SUB57011,ACC1342,2026-03-20,Enterprise,223.81146646481116,True
SUB67289,ACC1342,2025-08-08,Pro,190.36309548222482,True
SUB81342,ACC1343,2026-03-12,Basic,313.4461078686603,True
SUB87427,ACC1344,2025-06-06,Enterprise,116.266532776932,True
SUB35138,ACC1344,2025-10-30,Basic,292.148230313813,True
SUB36841,ACC1345,2025-11-25,Basic,85.73268669007518,True
SUB44643,ACC1345,2025-05-28,Basic,409.09207225307506,True
SUB31891,ACC1345,2025-08-03,Pro,361.2434727392935,True
SUB39800,ACC1346,2025-09-19,Basic,374.9439896671774,True
SUB64040,ACC1347,2025-05-16,Basic,219.15061635940978,True
SUB42508,ACC1347,2026-01-09,Enterprise,268.72191302398244,True
SUB51103,ACC1347,2025-10-01,Pro,103.97571162933899,True
SUB47265,ACC1348,2025-08-20,Basic,323.2749207967017,True
SUB62189,ACC1349,2025-05-05,Basic,414.24389320014006,True
SUB83609,ACC1349,2026-01-20,Basic,224.66443211560858,True
SUB98974,ACC1350,2025-05-30,Enterprise,289.26519040555434,True
SUB35697,ACC1350,2025-08-05,Basic,417.3389542926566,True
SUB51399,ACC1351,2026-04-12,Enterprise,154.56876744317236,True
SUB19170,ACC1351,2026-02-16,Basic,461.1050986930474,True
SUB60368,ACC1351,2025-07-21,Enterprise,206.38550343459045,True
SUB37670,ACC1352,2025-08-30,Pro,319.535448258128,True
SUB10778,ACC1352,2025-07-24,Pro,489.53602039488476,True
SUB94671,ACC1352,2025-08-31,Basic,103.30229998178383,True
SUB50487,ACC1353,2025-06-28,Enterprise,130.690039979083,True
SUB42425,ACC1353,2026-04-10,Enterprise,373.253942597361,True
SUB60417,ACC1353,2025-12-31,Enterprise,417.91907294536617,True
SUB83949,ACC1354,2026-01-28,Pro,449.74884510891656,True
SUB35357,ACC1354,2025-05-17,Enterprise,342.2007837751823,True
SUB19367,ACC1355,2025-05-29,Pro,308.3945579705944,True
SUB79596,ACC1356,2025-10-15,Basic,295.20166253902914,True
SUB23947,ACC1356,2026-04-17,Pro,135.79805821277867,True
SUB10816,ACC1357,2025-12-10,Enterprise,498.31866748856186,True
SUB72629,ACC1357,2025-09-08,Enterprise,126.23796284481267,True
SUB53943,ACC1357,2025-09-26,Enterprise,77.18103509223678,True
SUB34834,ACC1358,2026-01-16,Enterprise,322.33422282719914,True
SUB22417,ACC1359,2026-01-17,Enterprise,361.9904505585913,True
SUB98168,ACC1359,2026-01-06,Enterprise,322.62783759564536,True
SUB66289,ACC1360,2026-03-06,Basic,356.6895891942824,True
SUB57316,ACC1360,2025-05-17,Basic,311.5108991383281,True
SUB96648,ACC1361,2025-09-11,Basic,361.7235434590754,True
SUB38273,ACC1362,2025-10-19,Basic,424.9974491113511,True
SUB80365,ACC1362,2026-03-03,Enterprise,309.4030955959747,True
SUB53113,ACC1363,2026-02-05,Enterprise,459.3697999281219,True
SUB43748,ACC1363,2026-03-28,Basic,386.64472695838117,True
SUB96803,ACC1364,2025-12-21,Basic,448.48326691379054,True
SUB85460,ACC1364,2025-05-25,Enterprise,225.99598910440534,True
SUB43298,ACC1365,2026-03-11,Pro,416.77404639284674,True
SUB22543,ACC1366,2025-12-14,Basic,163.72436341252805,True
SUB49984,ACC1366,2025-12-26,Pro,442.5396122153528,True
SUB75803,ACC1367,2026-03-18,Enterprise,145.13188642301355,True
SUB20674,ACC1367,2025-12-31,Enterprise,395.19869561101984,True
SUB64437,ACC1367,2026-04-26,Enterprise,326.5055045361638,True
SUB79643,ACC1368,2026-01-28,Pro,146.15325878470043,True
SUB81281,ACC1368,2026-03-11,Enterprise,383.0570103672702,True
SUB97302,ACC1369,2025-10-26,Pro,270.2488854969165,True
SUB52564,ACC1370,2026-03-21,Pro,312.7017173729589,True
SUB91085,ACC1370,2025-07-21,Enterprise,496.5883546668786,True
SUB61801,ACC1371,2025-08-17,Basic,56.46308653201293,True
SUB71812,ACC1371,2025-11-18,Basic,230.43350530163733,True
SUB66452,ACC1372,2025-06-20,Pro,213.2629646194951,True
SUB13411,ACC1372,2025-07-27,Enterprise,245.03982836541323,True
SUB72212,ACC1373,2026-02-27,Pro,124.13996864986775,True
SUB89775,ACC1374,2025-08-31,Pro,104.45614947798313,True
SUB90728,ACC1375,2025-07-02,Basic,52.87039599185882,True
SUB31992,ACC1376,2026-01-29,Pro,205.64309158528596,True
SUB10676,ACC1377,2025-10-29,Enterprise,328.4921027216243,True
SUB86556,ACC1377,2025-12-21,Basic,183.26054365917958,True
SUB64941,ACC1377,2025-09-09,Basic,137.62243505900375,True
SUB74482,ACC1378,2026-03-28,Basic,387.3392809186738,True
SUB98860,ACC1378,2025-09-29,Pro,196.86131783934417,True
SUB93234,ACC1378,2025-08-20,Enterprise,436.122674358578,True
SUB27211,ACC1379,2026-02-10,Enterprise,269.6503071910918,True
SUB89142,ACC1379,2026-02-05,Basic,463.5827502222152,True
SUB27926,ACC1380,2026-05-02,Enterprise,426.4503678283408,True
SUB26930,ACC1380,2025-05-30,Enterprise,200.11643222020192,True
SUB35012,ACC1381,2025-11-22,Basic,196.02680181387944,True
SUB27571,ACC1381,2025-10-13,Pro,249.5086422437425,True
SUB38670,ACC1382,2026-03-16,Basic,454.5508058096336,True
SUB89453,ACC1383,2025-09-16,Enterprise,360.7091358861216,True
SUB97701,ACC1383,2025-05-15,Pro,473.8127109712572,True
SUB74424,ACC1383,2026-01-02,Enterprise,151.09609347849758,True
SUB56054,ACC1384,2025-12-06,Basic,432.9553418295657,True
SUB99513,ACC1384,2025-08-15,Pro,170.0682627645266,True
SUB49546,ACC1385,2025-09-04,Basic,209.20992671103227,True
SUB21131,ACC1385,2026-01-26,Pro,80.21874923027914,True
SUB93567,ACC1385,2026-03-01,Basic,333.0263219620594,True
SUB23878,ACC1386,2025-06-19,Enterprise,465.5755635813492,True
SUB13100,ACC1387,2026-05-01,Enterprise,233.56775972723062,True
SUB45742,ACC1387,2026-03-23,Enterprise,256.8385132897255,True
SUB32274,ACC1387,2025-08-28,Enterprise,479.312471796164,True
SUB68522,ACC1388,2026-04-29,Basic,453.87710888367286,True
SUB30153,ACC1388,2026-02-25,Enterprise,292.71051292208585,True
SUB74807,ACC1389,2025-10-15,Enterprise,385.4831335732659,True
SUB18151,ACC1390,2025-08-01,Enterprise,306.43276068267494,True
SUB25718,ACC1390,2025-08-01,Pro,369.48445144011936,True
SUB35055,ACC1390,2025-11-25,Enterprise,145.05148972048875,True
SUB39139,ACC1391,2025-07-31,Pro,149.70540381677762,True
SUB91658,ACC1392,2026-01-05,Enterprise,143.05511130907587,True
SUB42935,ACC1392,2026-02-19,Pro,403.78353206880405,True
SUB11182,ACC1393,2025-05-29,Pro,421.49379402054296,True
SUB71233,ACC1393,2025-10-05,Pro,415.9549390077885,True
SUB83726,ACC1394,2025-08-01,Pro,464.547746888737,True
SUB44643,ACC1394,2025-05-18,Pro,92.40820718012405,True
SUB86934,ACC1394,2025-10-18,Enterprise,133.26717855146185,True
SUB53660,ACC1395,2025-06-06,Basic,210.2061199244025,True
SUB74097,ACC1395,2025-06-07,Enterprise,223.80293064089776,True
SUB17157,ACC1396,2026-04-14,Basic,318.55268407502496,True
SUB15685,ACC1396,2025-07-15,Basic,146.4627168736418,True
SUB39224,ACC1397,2026-04-06,Pro,281.06663045501693,True
SUB37805,ACC1398,2025-07-11,Pro,311.02407865168567,True
SUB98940,ACC1399,2025-12-26,Enterprise,353.68565116652024,True
SUB46249,ACC1399,2025-06-30,Basic,402.2452459990493,True
SUB75213,ACC1399,2025-05-25,Basic,135.71943964334744,True
SUB87206,ACC1400,2025-11-20,Enterprise,376.9978204836861,True
SUB14262,ACC1400,2026-04-26,Pro,311.11737067101694,True
SUB79546,ACC1400,2026-04-15,Basic,490.5059629065543,True
SUB41543,ACC1401,2025-09-20,Pro,325.45982076290005,True
SUB74528,ACC1401,2026-01-02,Enterprise,485.93130873954743,True
SUB43733,ACC1402,2025-09-24,Pro,105.36102267748731,True
SUB91414,ACC1402,2025-08-06,Enterprise,255.69459212958893,True
SUB77289,ACC1403,2025-06-09,Basic,209.0475870829081,True
SUB20688,ACC1403,2026-04-29,Basic,281.9649942194602,True
SUB29713,ACC1404,2025-12-12,Basic,363.36522867306576,True
SUB65164,ACC1404,2026-03-04,Enterprise,327.17140502945733,True
SUB15546,ACC1404,2025-12-05,Basic,73.25889483431354,True
SUB69718,ACC1405,2026-01-20,Enterprise,140.81040315316315,True
SUB35716,ACC1405,2026-02-10,Enterprise,134.6720811285719,True
SUB78798,ACC1406,2025-08-31,Pro,54.73771383442093,True
SUB78564,ACC1406,2025-09-10,Enterprise,145.1188548044064,True
SUB24149,ACC1406,2026-03-28,Pro,488.18627592129803,True
SUB51123,ACC1407,2026-02-24,Basic,72.63160227661501,True
SUB12403,ACC1408,2025-08-20,Basic,340.5504161445018,True
SUB76093,ACC1409,2025-09-13,Basic,152.59258277244197,True
SUB88101,ACC1409,2025-08-17,Enterprise,165.16544746512898,True
SUB69751,ACC1409,2025-05-23,Enterprise,271.3044875535089,True
SUB89827,ACC1410,2025-05-08,Basic,473.3242358694481,True
SUB94555,ACC1410,2026-01-25,Basic,461.1522420121176,True
SUB42590,ACC1410,2025-10-10,Enterprise,329.1099391280359,True
SUB17531,ACC1411,2025-09-19,Basic,319.5672862824901,True
SUB35195,ACC1411,2026-04-05,Enterprise,369.28500764408085,True
SUB96877,ACC1412,2025-08-04,Enterprise,322.86667376836874,True
SUB49773,ACC1412,2026-03-09,Pro,375.9717806987744,True
SUB13503,ACC1413,2026-01-14,Pro,187.15171641969894,True
SUB35670,ACC1413,2025-11-03,Enterprise,349.219820029703,True
SUB88474,ACC1414,2026-02-24,Pro,494.14270738660014,True
SUB72403,ACC1414,2025-12-29,Basic,473.56247812801934,True
SUB74643,ACC1415,2025-08-27,Enterprise,117.64559228323726,True
SUB50388,ACC1416,2026-02-06,Basic,353.1557513639213,True
SUB78581,ACC1416,2025-12-28,Basic,473.30357129960737,True
SUB49143,ACC1417,2025-06-06,Basic,258.17808540244516,True
SUB77784,ACC1417,2025-12-09,Pro,74.99044726368149,True
SUB42698,ACC1417,2026-02-10,Pro,51.95964698417538,True
SUB40549,ACC1418,2026-04-07,Basic,357.8357964158091,True
SUB53856,ACC1418,2026-01-06,Basic,215.08473010517534,True
SUB10362,ACC1419,2025-09-20,Basic,160.83999073963008,True
SUB42872,ACC1419,2025-07-06,Enterprise,189.43795577697827,True
SUB21245,ACC1419,2026-04-12,Pro,255.759420128997,True
SUB86213,ACC1420,2025-08-17,Pro,240.08395084771757,True
SUB61189,ACC1420,2026-03-04,Enterprise,186.4758725250749,True
SUB23655,ACC1421,2025-05-24,Basic,131.2642263358002,True
SUB49354,ACC1422,2025-12-10,Basic,65.25028953543486,True
SUB38961,ACC1422,2025-07-22,Enterprise,222.70754877569993,True
SUB39435,ACC1423,2026-02-17,Enterprise,181.8251665705539,True
SUB46600,ACC1424,2026-02-06,Basic,355.3033768206561,True
SUB28576,ACC1424,2026-03-25,Basic,291.68435457912335,True
SUB78071,ACC1424,2025-09-04,Basic,258.8522867955911,True
SUB84106,ACC1425,2025-10-10,Enterprise,494.19354804907533,True
SUB14474,ACC1425,2025-12-23,Basic,146.62449926659082,True
SUB52368,ACC1426,2026-02-17,Pro,481.13131310294517,True
SUB19203,ACC1427,2025-09-04,Pro,499.3278194079907,True
SUB20879,ACC1427,2025-08-15,Basic,325.5299246589197,True
SUB26994,ACC1427,2025-05-08,Basic,267.01035679131667,True
SUB73476,ACC1428,2025-07-30,Pro,344.57452322414423,True
SUB62599,ACC1429,2026-02-03,Enterprise,149.58793651715087,True
SUB39547,ACC1429,2025-11-08,Basic,382.8782347250055,True
SUB52888,ACC1429,2025-10-20,Enterprise,78.18474512877452,True
SUB85321,ACC1430,2025-12-14,Basic,300.7617637756308,True
SUB51296,ACC1431,2025-07-17,Pro,50.652800612428976,True
SUB73208,ACC1432,2025-08-18,Basic,138.87558384179187,True
SUB28769,ACC1432,2026-03-21,Pro,465.92102310538525,True
SUB19237,ACC1432,2025-07-12,Pro,145.60907268415912,True
SUB11001,ACC1433,2025-12-12,Pro,496.1235476106108,True
SUB17617,ACC1433,2026-01-10,Pro,459.66496032905826,True
SUB23128,ACC1433,2025-11-26,Pro,171.3000643888248,True
SUB10520,ACC1434,2026-01-16,Pro,348.67260296855227,True
SUB20479,ACC1435,2026-04-18,Enterprise,172.38459962379267,True
SUB72257,ACC1435,2026-02-14,Enterprise,132.3735274145111,True
SUB23047,ACC1436,2025-12-29,Pro,170.92872523778274,True
SUB88131,ACC1436,2025-08-06,Pro,85.70143324598186,True
SUB61080,ACC1437,2025-11-01,Enterprise,242.59154446983112,True
SUB80845,ACC1437,2026-04-08,Basic,352.2333879821969,True
SUB49177,ACC1437,2025-12-05,Basic,360.90165841192686,True
SUB52169,ACC1438,2025-07-29,Pro,87.53309043733836,True
SUB62814,ACC1438,2025-07-03,Enterprise,255.64864804889666,True
SUB33976,ACC1438,2025-07-20,Basic,475.4919930862431,True
SUB83373,ACC1439,2025-06-28,Basic,205.73862183727346,True
SUB43693,ACC1439,2025-10-22,Enterprise,50.517935340079575,True
SUB83551,ACC1440,2025-12-30,Pro,441.1017353556803,True
SUB21256,ACC1440,2026-03-13,Enterprise,310.5235115870411,True
SUB12421,ACC1440,2025-06-10,Basic,272.26861336425384,True
SUB33369,ACC1441,2025-07-04,Pro,238.9496971830703,True
SUB37390,ACC1441,2025-08-03,Basic,208.89994427952234,True
SUB24800,ACC1442,2025-11-21,Enterprise,457.1735080190133,True
SUB49275,ACC1443,2026-03-26,Pro,150.258430498912,True
SUB48294,ACC1444,2025-07-31,Pro,421.31336168612256,True
SUB77930,ACC1444,2025-09-19,Basic,158.34418874930074,True
SUB87376,ACC1444,2025-05-14,Pro,60.73790600461438,True
SUB28806,ACC1445,2026-02-07,Enterprise,406.6509494843407,True
SUB23292,ACC1445,2026-01-16,Basic,362.1471159823452,True
SUB76602,ACC1445,2025-12-28,Basic,91.57088543463166,True
SUB85873,ACC1446,2025-11-22,Pro,165.41724167652296,True
SUB65833,ACC1446,2025-09-11,Enterprise,118.28281975819581,True
SUB12807,ACC1446,2025-07-10,Pro,175.5138345253622,True
SUB76527,ACC1447,2025-08-16,Basic,255.28393937050325,True
SUB60240,ACC1447,2026-04-02,Pro,231.45290899272422,True
SUB80106,ACC1447,2026-02-20,Basic,57.42603068939986,True
SUB18343,ACC1448,2025-07-29,Enterprise,162.0169887797615,True
SUB74114,ACC1448,2026-02-23,Enterprise,452.07932010965567,True
SUB95576,ACC1449,2025-05-29,Pro,384.6328376153443,True
SUB26763,ACC1449,2025-10-19,Basic,60.27405682628604,True
SUB97217,ACC1450,2025-08-28,Enterprise,428.3831600730229,True
SUB40098,ACC1450,2025-10-12,Pro,288.5291012674749,True
SUB81275,ACC1450,2026-01-24,Basic,389.9782214977114,True
SUB97034,ACC1451,2025-07-22,Enterprise,259.92057209249015,True
SUB47093,ACC1451,2026-01-11,Enterprise,157.10321166212205,True
SUB10953,ACC1452,2025-07-21,Basic,94.60966865919319,True
SUB26682,ACC1453,2025-05-05,Enterprise,377.1326857664211,True
SUB66734,ACC1453,2026-02-28,Basic,191.0786505843094,True
SUB66507,ACC1454,2026-02-25,Enterprise,351.85541495604775,True
SUB51952,ACC1455,2025-11-16,Basic,88.7205504155489,True
SUB74069,ACC1456,2025-05-16,Basic,247.45427990683686,True
SUB28974,ACC1457,2025-09-16,Basic,447.6396105173884,True
SUB33049,ACC1458,2026-03-09,Basic,271.588762289044,True
SUB53107,ACC1459,2025-10-31,Enterprise,55.7728434276027,True
SUB63903,ACC1459,2025-12-29,Basic,60.57372090109739,True
SUB98518,ACC1459,2026-01-22,Pro,211.3860679340949,True
SUB41847,ACC1460,2025-08-25,Enterprise,458.7455249426676,True
SUB16987,ACC1460,2025-08-20,Enterprise,426.1519428995781,True
SUB23862,ACC1461,2025-10-08,Enterprise,192.84650942064619,True
SUB94685,ACC1462,2025-07-11,Pro,241.3492087027097,True
SUB97400,ACC1462,2025-12-13,Enterprise,86.24459825559359,True
SUB37463,ACC1463,2025-11-02,Basic,110.43533742774383,True
SUB66865,ACC1463,2025-11-01,Pro,447.6359462281479,True
SUB95796,ACC1464,2026-04-25,Pro,296.265384330342,True
SUB66684,ACC1465,2025-07-20,Pro,486.2669931191077,True
SUB87464,ACC1466,2026-01-23,Enterprise,303.6248171147928,True
SUB51959,ACC1467,2025-11-05,Enterprise,259.2741023346461,True
SUB40940,ACC1468,2025-11-23,Enterprise,276.4682554652756,True
SUB85398,ACC1469,2025-06-11,Basic,334.97768184492145,True
SUB27146,ACC1470,2026-01-01,Basic,318.32334579941727,True
SUB52121,ACC1470,2025-11-02,Basic,487.4874441705605,True
SUB11491,ACC1471,2025-09-27,Basic,136.6849147036305,True
SUB85218,ACC1471,2025-11-22,Pro,329.82783345348,True
SUB14974,ACC1471,2025-08-06,Basic,317.9033583253638,True
SUB55339,ACC1472,2025-11-27,Enterprise,100.70177427809925,True
SUB45422,ACC1473,2026-04-09,Enterprise,191.0671724751185,True
SUB14570,ACC1473,2025-07-15,Basic,477.35987225179605,True
SUB42005,ACC1473,2025-05-17,Basic,323.1638036569631,True
SUB89637,ACC1474,2025-06-09,Enterprise,52.80624864697616,True
SUB84185,ACC1475,2026-02-07,Enterprise,438.8301813448242,True
SUB29284,ACC1475,2026-04-03,Pro,361.5065834658268,True
SUB90065,ACC1476,2026-01-02,Basic,382.50501811890365,True
SUB75796,ACC1477,2025-10-26,Basic,269.8420034622832,True
SUB65145,ACC1477,2025-10-22,Enterprise,154.05362440892986,True
SUB47663,ACC1478,2025-05-11,Basic,464.55652007529363,True
SUB75557,ACC1478,2025-05-25,Basic,334.70748779175443,True
SUB59339,ACC1478,2025-11-19,Enterprise,100.0864771234288,True
SUB70391,ACC1479,2025-08-01,Pro,113.67049676900947,True
SUB64314,ACC1479,2026-01-27,Basic,80.20441884591284,True
SUB18174,ACC1479,2025-08-04,Enterprise,178.1012132536734,True
SUB99981,ACC1480,2025-10-06,Basic,86.17446610869575,True
SUB12410,ACC1480,2025-12-12,Basic,365.47202004593106,True
SUB18957,ACC1480,2026-03-19,Basic,114.91073545857377,True
SUB66668,ACC1481,2026-03-09,Enterprise,468.58482127285697,True
SUB81123,ACC1482,2025-05-30,Enterprise,434.53586985881435,True
SUB70733,ACC1482,2026-01-25,Basic,168.46997994960225,True
SUB80882,ACC1482,2025-06-28,Enterprise,318.66641317361336,True
SUB97686,ACC1483,2026-02-16,Basic,148.86890027815508,True
SUB19432,ACC1484,2026-02-19,Enterprise,180.73207289792694,True
SUB27294,ACC1484,2025-06-15,Basic,212.4915688643127,True
SUB28552,ACC1484,2026-04-26,Pro,330.10959423751774,True
SUB94443,ACC1485,2025-12-12,Basic,243.75085782493903,True
SUB71407,ACC1485,2026-02-16,Enterprise,261.74905234248513,True
SUB69159,ACC1486,2025-12-06,Pro,338.8880346168493,True
SUB92391,ACC1486,2026-04-11,Pro,291.65069975146804,True
SUB81254,ACC1487,2026-05-02,Enterprise,83.4863814792788,True
SUB64268,ACC1488,2025-07-22,Basic,271.4549580501519,True
SUB98974,ACC1488,2025-06-01,Pro,480.88374783098556,True
SUB42597,ACC1489,2026-02-01,Basic,77.14943294627778,True
SUB63192,ACC1489,2026-03-07,Basic,73.08947526074564,True
SUB58651,ACC1489,2025-09-13,Pro,283.83447133944634,True
SUB27533,ACC1490,2025-10-07,Basic,441.3707206899647,True
SUB65444,ACC1490,2026-01-24,Enterprise,391.30033497525676,True
SUB64572,ACC1491,2026-04-05,Basic,83.59961635326417,True
SUB29933,ACC1492,2025-07-26,Pro,205.04296459612826,True
SUB23770,ACC1492,2025-08-20,Enterprise,270.4840301255648,True
SUB23530,ACC1493,2025-05-08,Pro,410.11059889829875,True
SUB75789,ACC1494,2025-06-14,Enterprise,484.601210665255,True
SUB15597,ACC1494,2025-09-21,Enterprise,286.1858288426604,True
SUB32454,ACC1494,2025-05-26,Enterprise,288.8412028626626,True
SUB78444,ACC1495,2025-09-25,Basic,127.44094377946476,True
SUB15211,ACC1495,2025-12-21,Basic,279.3324283479329,True
SUB29213,ACC1496,2026-02-12,Enterprise,382.8514350799747,True
SUB35881,ACC1496,2025-05-23,Pro,348.95550546315434,True
SUB79501,ACC1496,2025-11-28,Pro,445.8126276016388,True
SUB37123,ACC1497,2026-04-30,Pro,133.98901347727877,True
SUB59994,ACC1497,2025-10-28,Pro,414.50916648652066,True
SUB60182,ACC1497,2025-11-01,Enterprise,339.09643901272517,True
SUB12957,ACC1498,2026-04-06,Basic,380.93610747150746,True
SUB35900,ACC1498,2025-08-19,Enterprise,319.5094777234051,True
SUB37521,ACC1499,2026-04-13,Basic,448.13679086194315,True
SUB99787,ACC1499,2026-02-09,Pro,79.35745610933303,True
